visit_id,date,department,Communication,Respect,Cleanliness,Overall
1000,2024-01-01,Inpatient,4,4,3,3
1001,2024-01-02,Outpatient,3,5,4,5
1002,2024-01-03,ED,3,4,2,4
1003,2024-01-04,Inpatient,4,5,3,4
1004,2024-01-05,ED,4,5,3,4
1005,2024-01-06,ED,2,3,4,4
1006,2024-01-07,ED,3,5,5,3
1007,2024-01-08,Inpatient,2,2,3,5
1008,2024-01-09,Inpatient,4,2,3,5
1009,2024-01-10,Inpatient,4,3,5,4
1010,2024-01-11,Inpatient,3,4,4,3
1011,2024-01-12,Outpatient,5,5,5,4
1012,2024-01-13,ED,5,4,4,4
1013,2024-01-14,Outpatient,5,5,4,3
1014,2024-01-15,ED,3,5,3,4
1015,2024-01-16,Outpatient,3,5,4,5
1016,2024-01-17,Inpatient,3,5,4,3
1017,2024-01-18,Inpatient,5,3,3,4
1018,2024-01-19,ED,3,3,3,3
1019,2024-01-20,ED,5,4,3,3
1020,2024-01-21,Outpatient,5,5,5,4
1021,2024-01-22,Surgery,5,4,4,5
1022,2024-01-23,Inpatient,4,4,2,3
1023,2024-01-24,Outpatient,5,4,4,3
1024,2024-01-25,Outpatient,4,5,5,5
1025,2024-01-26,Outpatient,5,5,5,3
1026,2024-01-27,ED,4,4,3,4
1027,2024-01-28,ED,2,3,4,1
1028,2024-01-29,ED,3,4,2,4
1029,2024-01-30,Outpatient,3,4,4,4
1030,2024-01-31,ED,3,4,3,4
1031,2024-02-01,Inpatient,5,4,4,3
1032,2024-02-02,Surgery,5,4,3,5
1033,2024-02-03,Inpatient,4,5,5,3
1034,2024-02-04,Outpatient,4,5,5,5
1035,2024-02-05,Inpatient,5,3,4,5
1036,2024-02-06,Outpatient,5,4,4,4
1037,2024-02-07,Outpatient,4,4,5,4
1038,2024-02-08,ED,2,4,3,3
1039,2024-02-09,Outpatient,3,5,2,3
1040,2024-02-10,Surgery,4,5,5,3
1041,2024-02-11,Outpatient,4,3,5,3
1042,2024-02-12,Inpatient,4,5,3,5
1043,2024-02-13,Outpatient,3,5,5,4
1044,2024-02-14,ED,5,4,2,5
1045,2024-02-15,Inpatient,4,4,2,4
1046,2024-02-16,Surgery,4,5,5,5
1047,2024-02-17,Inpatient,4,4,4,4
1048,2024-02-18,Inpatient,4,5,4,3
1049,2024-02-19,ED,3,4,4,3
1050,2024-02-20,ED,5,3,4,1
1051,2024-02-21,Outpatient,4,4,4,5
1052,2024-02-22,ED,4,5,4,4
1053,2024-02-23,Inpatient,3,5,3,4
1054,2024-02-24,Inpatient,3,4,2,3
1055,2024-02-25,ED,4,4,2,5
1056,2024-02-26,Inpatient,4,5,4,3
1057,2024-02-27,ED,2,3,5,3
1058,2024-02-28,Inpatient,5,3,4,2
1059,2024-02-29,Outpatient,5,4,5,4
1060,2024-03-01,ED,4,4,4,2
1061,2024-03-02,Inpatient,3,5,4,4
1062,2024-03-03,Outpatient,4,5,3,5
1063,2024-03-04,Inpatient,3,4,5,5
1064,2024-03-05,ED,3,4,2,4
1065,2024-03-06,Inpatient,2,3,3,4
1066,2024-03-07,Outpatient,5,5,5,5
1067,2024-03-08,Inpatient,4,4,5,4
1068,2024-03-09,Surgery,4,3,4,2
1069,2024-03-10,Inpatient,3,3,4,3
1070,2024-03-11,Surgery,4,5,3,5
1071,2024-03-12,ED,2,4,4,4
1072,2024-03-13,ED,3,4,4,3
1073,2024-03-14,Outpatient,4,5,4,3
1074,2024-03-15,Inpatient,3,5,5,3
1075,2024-03-16,ED,4,4,4,4
1076,2024-03-17,Surgery,4,4,4,4
1077,2024-03-18,Inpatient,4,4,5,5
1078,2024-03-19,Outpatient,3,4,3,5
1079,2024-03-20,Outpatient,4,5,4,4
1080,2024-03-21,Outpatient,3,5,4,3
1081,2024-03-22,Outpatient,4,2,4,4
1082,2024-03-23,Outpatient,4,5,4,5
1083,2024-03-24,Inpatient,4,4,2,5
1084,2024-03-25,Inpatient,3,4,3,4
1085,2024-03-26,Outpatient,4,4,4,5
1086,2024-03-27,Inpatient,5,5,5,3
1087,2024-03-28,Surgery,4,4,5,4
1088,2024-03-29,Outpatient,2,3,4,5
1089,2024-03-30,Outpatient,3,4,4,3
1090,2024-03-31,ED,4,4,4,3
1091,2024-04-01,Surgery,5,4,5,4
1092,2024-04-02,Inpatient,4,3,3,3
1093,2024-04-03,Inpatient,4,4,5,3
1094,2024-04-04,Inpatient,3,5,4,2
1095,2024-04-05,ED,4,4,1,3
1096,2024-04-06,Surgery,4,5,5,4
1097,2024-04-07,Inpatient,5,4,3,3
1098,2024-04-08,ED,4,2,4,3
1099,2024-04-09,Outpatient,4,5,5,2
1100,2024-04-10,Inpatient,3,4,3,5
1101,2024-04-11,Inpatient,2,4,4,4
1102,2024-04-12,Outpatient,5,3,5,3
1103,2024-04-13,Inpatient,5,4,4,5
1104,2024-04-14,Surgery,3,4,4,4
1105,2024-04-15,Outpatient,4,5,4,5
1106,2024-04-16,ED,3,3,4,3
1107,2024-04-17,Surgery,5,5,5,4
1108,2024-04-18,Outpatient,4,4,4,5
1109,2024-04-19,Surgery,4,4,3,4
1110,2024-04-20,ED,4,4,3,3
1111,2024-04-21,ED,4,4,3,4
1112,2024-04-22,Surgery,4,5,4,4
1113,2024-04-23,Outpatient,5,5,5,5
1114,2024-04-24,ED,4,2,4,5
1115,2024-04-25,Outpatient,3,3,4,5
1116,2024-04-26,Outpatient,5,4,4,5
1117,2024-04-27,Surgery,5,5,5,5
1118,2024-04-28,Outpatient,5,4,3,4
1119,2024-04-29,ED,4,2,3,3
1120,2024-04-30,ED,4,3,4,4
1121,2024-05-01,ED,5,2,5,5
1122,2024-05-02,ED,4,4,4,3
1123,2024-05-03,ED,4,4,4,4
1124,2024-05-04,Outpatient,4,4,3,4
1125,2024-05-05,Inpatient,3,5,4,3
1126,2024-05-06,Inpatient,4,4,1,4
1127,2024-05-07,Outpatient,3,5,3,3
1128,2024-05-08,ED,4,2,3,4
1129,2024-05-09,Inpatient,4,5,4,3
1130,2024-05-10,Inpatient,5,3,5,3
1131,2024-05-11,Surgery,5,5,3,5
1132,2024-05-12,Inpatient,5,5,4,4
1133,2024-05-13,ED,3,3,4,3
1134,2024-05-14,Outpatient,5,5,3,4
1135,2024-05-15,ED,3,3,4,3
1136,2024-05-16,Outpatient,5,5,3,4
1137,2024-05-17,Inpatient,4,3,5,5
1138,2024-05-18,Outpatient,5,4,5,4
1139,2024-05-19,Outpatient,5,5,4,3
1140,2024-05-20,Inpatient,4,5,5,3
1141,2024-05-21,ED,3,4,4,4
1142,2024-05-22,ED,3,3,4,4
1143,2024-05-23,ED,4,5,3,4
1144,2024-05-24,ED,3,2,2,4
1145,2024-05-25,ED,3,3,4,3
1146,2024-05-26,ED,4,4,3,1
1147,2024-05-27,Outpatient,5,5,2,4
1148,2024-05-28,Inpatient,4,4,4,3
1149,2024-05-29,ED,4,4,3,3
1150,2024-05-30,ED,4,5,3,3
1151,2024-05-31,Surgery,5,4,5,5
1152,2024-06-01,Inpatient,5,4,2,4
1153,2024-06-02,ED,4,4,3,1
1154,2024-06-03,Inpatient,4,4,2,3
1155,2024-06-04,Outpatient,3,5,5,5
1156,2024-06-05,ED,4,2,2,5
1157,2024-06-06,Inpatient,5,4,4,2
1158,2024-06-07,Surgery,3,3,4,4
1159,2024-06-08,Outpatient,4,4,5,5
1160,2024-06-09,ED,4,5,3,3
1161,2024-06-10,Inpatient,4,4,5,3
1162,2024-06-11,Outpatient,5,4,5,4
1163,2024-06-12,Outpatient,4,4,2,5
1164,2024-06-13,ED,4,4,2,2
1165,2024-06-14,ED,4,5,5,3
1166,2024-06-15,ED,3,3,2,3
1167,2024-06-16,Inpatient,5,5,4,5
1168,2024-06-17,Outpatient,5,4,4,4
1169,2024-06-18,Inpatient,4,4,3,4
1170,2024-06-19,Inpatient,4,3,3,3
1171,2024-06-20,Surgery,3,5,5,5
1172,2024-06-21,Inpatient,5,3,5,5
1173,2024-06-22,Inpatient,2,5,4,4
1174,2024-06-23,Inpatient,4,4,5,3
1175,2024-06-24,Outpatient,4,4,4,3
1176,2024-06-25,Outpatient,5,5,5,4
1177,2024-06-26,Inpatient,4,4,4,4
1178,2024-06-27,ED,5,4,3,5
1179,2024-06-28,Inpatient,3,3,4,4
1180,2024-06-29,Outpatient,3,4,3,5
1181,2024-06-30,ED,3,5,4,3
1182,2024-07-01,Outpatient,4,5,2,4
1183,2024-07-02,ED,3,5,3,5
1184,2024-07-03,Inpatient,2,5,4,4
1185,2024-07-04,Outpatient,4,4,4,4
1186,2024-07-05,ED,2,4,5,4
1187,2024-07-06,Outpatient,4,4,4,4
1188,2024-07-07,Inpatient,4,5,3,4
1189,2024-07-08,Surgery,5,4,3,5
1190,2024-07-09,Inpatient,3,4,3,4
1191,2024-07-10,ED,3,3,4,5
1192,2024-07-11,Outpatient,4,5,4,4
1193,2024-07-12,Outpatient,5,4,3,3
1194,2024-07-13,Surgery,4,4,5,3
1195,2024-07-14,Surgery,3,4,3,5
1196,2024-07-15,ED,4,5,2,5
1197,2024-07-16,ED,3,3,3,3
1198,2024-07-17,Outpatient,3,4,3,4
1199,2024-07-18,Surgery,4,5,4,5
1200,2024-07-19,Surgery,5,4,5,3
1201,2024-07-20,Inpatient,3,5,4,3
1202,2024-07-21,Surgery,5,4,4,3
1203,2024-07-22,Outpatient,5,3,4,5
1204,2024-07-23,Inpatient,4,4,4,5
1205,2024-07-24,Inpatient,5,4,4,5
1206,2024-07-25,Outpatient,5,4,4,4
1207,2024-07-26,Inpatient,3,3,4,3
1208,2024-07-27,Surgery,5,5,4,5
1209,2024-07-28,Surgery,5,5,5,5
1210,2024-07-29,Inpatient,4,5,4,5
1211,2024-07-30,Surgery,5,5,5,4
1212,2024-07-31,ED,5,4,3,3
1213,2024-08-01,ED,4,2,4,3
1214,2024-08-02,ED,4,3,5,4
1215,2024-08-03,Inpatient,3,5,3,3
1216,2024-08-04,ED,3,4,5,3
1217,2024-08-05,Surgery,4,3,5,5
1218,2024-08-06,Outpatient,4,5,4,4
1219,2024-08-07,ED,4,4,4,3
1220,2024-08-08,ED,4,3,3,4
1221,2024-08-09,Inpatient,3,4,3,4
1222,2024-08-10,ED,3,3,5,5
1223,2024-08-11,Outpatient,5,5,4,4
1224,2024-08-12,Inpatient,4,2,3,4
1225,2024-08-13,Surgery,4,3,5,5
1226,2024-08-14,Inpatient,5,4,3,4
1227,2024-08-15,Outpatient,5,4,5,4
1228,2024-08-16,Outpatient,4,2,5,5
1229,2024-08-17,Surgery,4,3,5,4
1230,2024-08-18,Inpatient,3,5,2,4
1231,2024-08-19,Inpatient,3,5,4,4
1232,2024-08-20,Outpatient,4,5,5,5
1233,2024-08-21,Inpatient,4,4,4,3
1234,2024-08-22,Inpatient,5,5,5,3
1235,2024-08-23,Inpatient,4,5,4,3
1236,2024-08-24,ED,4,4,4,3
1237,2024-08-25,Inpatient,4,4,4,4
1238,2024-08-26,Inpatient,4,4,4,4
1239,2024-08-27,Outpatient,4,5,3,3
1240,2024-08-28,Inpatient,3,3,4,5
1241,2024-08-29,Outpatient,5,5,2,4
1242,2024-08-30,Inpatient,3,4,3,4
1243,2024-08-31,ED,3,4,4,3
1244,2024-09-01,Outpatient,4,5,4,5
1245,2024-09-02,Outpatient,4,5,5,5
1246,2024-09-03,ED,4,4,4,2
1247,2024-09-04,Inpatient,5,3,5,3
1248,2024-09-05,Outpatient,5,4,4,3
1249,2024-09-06,Surgery,2,5,4,4
1250,2024-09-07,ED,3,5,3,4
1251,2024-09-08,Surgery,3,5,4,2
1252,2024-09-09,Inpatient,5,3,5,4
1253,2024-09-10,Surgery,5,4,4,5
1254,2024-09-11,Outpatient,4,5,5,4
1255,2024-09-12,Outpatient,4,5,4,4
1256,2024-09-13,Inpatient,3,3,5,5
1257,2024-09-14,Outpatient,2,4,5,5
1258,2024-09-15,Inpatient,5,5,5,3
1259,2024-09-16,Inpatient,5,3,3,4
1260,2024-09-17,Outpatient,5,5,4,4
1261,2024-09-18,Outpatient,3,5,4,4
1262,2024-09-19,Outpatient,3,4,3,5
1263,2024-09-20,Outpatient,5,5,5,4
1264,2024-09-21,Outpatient,5,5,3,5
1265,2024-09-22,Inpatient,5,4,3,4
1266,2024-09-23,Outpatient,5,4,4,4
1267,2024-09-24,Inpatient,4,5,5,2
1268,2024-09-25,Inpatient,4,3,2,4
1269,2024-09-26,Inpatient,3,1,4,5
1270,2024-09-27,Inpatient,5,4,5,1
1271,2024-09-28,Inpatient,3,4,4,5
1272,2024-09-29,Outpatient,5,4,5,5
1273,2024-09-30,Inpatient,5,3,4,3
1274,2024-10-01,Surgery,5,4,4,3
1275,2024-10-02,Outpatient,4,5,5,1
1276,2024-10-03,ED,2,5,3,3
1277,2024-10-04,Inpatient,5,4,3,4
1278,2024-10-05,Inpatient,5,3,5,4
1279,2024-10-06,Outpatient,4,5,3,5
1280,2024-10-07,Outpatient,4,3,4,5
1281,2024-10-08,Surgery,4,5,4,4
1282,2024-10-09,Outpatient,4,4,2,4
1283,2024-10-10,Inpatient,2,4,4,3
1284,2024-10-11,Inpatient,5,4,4,3
1285,2024-10-12,Outpatient,5,5,3,3
1286,2024-10-13,Inpatient,5,2,1,2
1287,2024-10-14,Outpatient,4,4,4,4
1288,2024-10-15,Inpatient,5,5,5,3
1289,2024-10-16,Outpatient,5,4,4,3
1290,2024-10-17,Inpatient,4,4,4,3
1291,2024-10-18,Outpatient,3,4,3,5
1292,2024-10-19,Inpatient,4,4,4,5
1293,2024-10-20,Inpatient,5,4,3,5
1294,2024-10-21,Inpatient,4,4,5,4
1295,2024-10-22,ED,2,4,4,2
1296,2024-10-23,Inpatient,2,4,4,4
1297,2024-10-24,ED,2,3,4,2
1298,2024-10-25,Surgery,4,5,5,2
1299,2024-10-26,ED,4,5,3,3
1300,2024-10-27,Outpatient,5,4,5,5
1301,2024-10-28,Outpatient,3,4,3,5
1302,2024-10-29,Outpatient,3,3,3,3
1303,2024-10-30,Inpatient,5,4,4,5
1304,2024-10-31,ED,3,3,3,4
1305,2024-11-01,Inpatient,5,4,3,3
1306,2024-11-02,Inpatient,3,5,3,4
1307,2024-11-03,ED,3,2,1,3
1308,2024-11-04,Inpatient,4,4,3,3
1309,2024-11-05,Inpatient,3,3,4,5
1310,2024-11-06,Surgery,4,3,5,3
1311,2024-11-07,Surgery,5,4,4,5
1312,2024-11-08,Inpatient,3,3,4,4
1313,2024-11-09,ED,3,3,4,4
1314,2024-11-10,ED,3,3,5,2
1315,2024-11-11,Inpatient,5,4,3,4
1316,2024-11-12,Outpatient,3,3,3,5
1317,2024-11-13,ED,3,5,3,4
1318,2024-11-14,ED,5,4,2,3
1319,2024-11-15,Outpatient,5,5,4,3
1320,2024-11-16,Inpatient,5,5,5,4
1321,2024-11-17,Outpatient,4,4,3,3
1322,2024-11-18,ED,5,4,5,3
1323,2024-11-19,ED,2,5,3,3
1324,2024-11-20,Inpatient,5,5,2,4
1325,2024-11-21,Inpatient,3,4,5,3
1326,2024-11-22,ED,5,3,5,3
1327,2024-11-23,Outpatient,4,5,3,5
1328,2024-11-24,Inpatient,3,5,3,4
1329,2024-11-25,Outpatient,4,4,4,3
1330,2024-11-26,ED,5,4,1,5
1331,2024-11-27,Outpatient,5,5,4,2
1332,2024-11-28,ED,3,3,3,3
1333,2024-11-29,Inpatient,4,2,4,3
1334,2024-11-30,Outpatient,5,3,4,5
1335,2024-12-01,ED,3,4,5,3
1336,2024-12-02,Inpatient,5,5,5,3
1337,2024-12-03,Outpatient,4,5,3,4
1338,2024-12-04,Outpatient,4,2,4,5
1339,2024-12-05,Inpatient,4,4,3,3
1340,2024-12-06,Outpatient,4,5,5,5
1341,2024-12-07,Surgery,4,3,5,5
1342,2024-12-08,Outpatient,4,3,3,5
1343,2024-12-09,Outpatient,4,3,5,4
1344,2024-12-10,ED,3,4,3,4
1345,2024-12-11,Outpatient,3,3,3,4
1346,2024-12-12,Outpatient,4,4,4,5
1347,2024-12-13,Outpatient,4,5,5,4
1348,2024-12-14,Outpatient,3,5,5,4
1349,2024-12-15,ED,4,3,4,4
1350,2024-12-16,Outpatient,5,4,5,4
1351,2024-12-17,Outpatient,5,5,5,5
1352,2024-12-18,Inpatient,4,5,5,5
1353,2024-12-19,Inpatient,5,5,3,5
1354,2024-12-20,Outpatient,4,3,4,5
1355,2024-12-21,Inpatient,3,5,5,3
1356,2024-12-22,Outpatient,5,4,4,4
1357,2024-12-23,Inpatient,3,3,3,4
1358,2024-12-24,Outpatient,5,5,3,4
1359,2024-12-25,Surgery,4,5,3,3
1360,2024-12-26,Inpatient,3,4,3,4
1361,2024-12-27,ED,4,4,2,3
1362,2024-12-28,Surgery,5,5,5,4
1363,2024-12-29,Inpatient,5,5,4,4
1364,2024-12-30,Surgery,5,5,5,5
1365,2024-12-31,Outpatient,5,5,4,3
1366,2025-01-01,Surgery,5,4,4,3
1367,2025-01-02,Inpatient,4,3,5,5
1368,2025-01-03,Inpatient,4,5,5,4
1369,2025-01-04,ED,5,5,3,2
1370,2025-01-05,Inpatient,3,4,3,4
1371,2025-01-06,ED,3,4,3,2
1372,2025-01-07,ED,3,3,2,5
1373,2025-01-08,Outpatient,4,4,5,4
1374,2025-01-09,ED,4,2,2,4
1375,2025-01-10,Inpatient,5,4,4,3
1376,2025-01-11,Outpatient,4,4,4,5
1377,2025-01-12,Outpatient,2,4,3,4
1378,2025-01-13,Outpatient,5,5,5,3
1379,2025-01-14,ED,3,3,3,4
1380,2025-01-15,Inpatient,5,3,3,3
1381,2025-01-16,Inpatient,5,4,4,4
1382,2025-01-17,Surgery,4,5,5,5
1383,2025-01-18,ED,3,3,3,5
1384,2025-01-19,ED,5,4,4,3
1385,2025-01-20,Inpatient,5,3,3,3
1386,2025-01-21,Outpatient,5,4,5,4
1387,2025-01-22,Inpatient,3,5,3,3
1388,2025-01-23,ED,3,4,5,2
1389,2025-01-24,Inpatient,2,5,4,3
1390,2025-01-25,ED,4,4,5,3
1391,2025-01-26,Outpatient,5,4,4,4
1392,2025-01-27,Inpatient,3,3,5,2
1393,2025-01-28,ED,4,3,3,2
1394,2025-01-29,Inpatient,2,3,3,3
1395,2025-01-30,Outpatient,4,4,3,4
1396,2025-01-31,Inpatient,3,3,3,4
1397,2025-02-01,Outpatient,5,5,3,3
1398,2025-02-02,Inpatient,4,5,4,5
1399,2025-02-03,Inpatient,5,5,3,3
1400,2025-02-04,Surgery,3,4,3,4
1401,2025-02-05,Outpatient,4,5,4,3
1402,2025-02-06,ED,3,4,4,3
1403,2025-02-07,Outpatient,5,5,4,4
1404,2025-02-08,Inpatient,3,3,2,4
1405,2025-02-09,Surgery,4,5,5,4
1406,2025-02-10,ED,5,4,5,4
1407,2025-02-11,Inpatient,4,4,5,2
1408,2025-02-12,ED,3,3,2,3
1409,2025-02-13,Inpatient,2,4,2,4
1410,2025-02-14,ED,3,3,2,3
1411,2025-02-15,Outpatient,4,4,5,3
1412,2025-02-16,Outpatient,5,4,3,5
1413,2025-02-17,Outpatient,5,4,4,5
1414,2025-02-18,Outpatient,3,5,3,4
1415,2025-02-19,Inpatient,4,5,2,4
1416,2025-02-20,Outpatient,4,4,3,3
1417,2025-02-21,Inpatient,3,4,5,4
1418,2025-02-22,Outpatient,4,5,3,5
1419,2025-02-23,Outpatient,5,5,4,3
1420,2025-02-24,ED,3,4,4,5
1421,2025-02-25,ED,5,4,3,4
1422,2025-02-26,ED,3,5,4,4
1423,2025-02-27,ED,2,5,2,5
1424,2025-02-28,Inpatient,5,3,4,3
1425,2025-03-01,ED,3,4,3,2
1426,2025-03-02,ED,4,4,3,3
1427,2025-03-03,Outpatient,4,5,4,5
1428,2025-03-04,Inpatient,4,4,4,3
1429,2025-03-05,Outpatient,5,5,3,4
1430,2025-03-06,Inpatient,5,2,5,3
1431,2025-03-07,Inpatient,4,4,3,5
1432,2025-03-08,Inpatient,4,5,4,5
1433,2025-03-09,Inpatient,2,4,3,3
1434,2025-03-10,Outpatient,3,4,5,3
1435,2025-03-11,Inpatient,4,4,3,5
1436,2025-03-12,Surgery,5,4,5,4
1437,2025-03-13,ED,4,4,5,3
1438,2025-03-14,Outpatient,5,5,3,2
1439,2025-03-15,ED,4,4,3,3
1440,2025-03-16,Outpatient,5,5,5,4
1441,2025-03-17,ED,3,3,2,3
1442,2025-03-18,Inpatient,5,4,4,2
1443,2025-03-19,ED,3,4,3,4
1444,2025-03-20,Surgery,4,5,4,4
1445,2025-03-21,Surgery,5,4,4,3
1446,2025-03-22,Outpatient,4,5,5,5
1447,2025-03-23,Surgery,5,5,5,5
1448,2025-03-24,ED,3,4,4,3
1449,2025-03-25,ED,4,5,3,2
1450,2025-03-26,ED,4,5,3,3
1451,2025-03-27,Outpatient,4,4,4,5
1452,2025-03-28,Surgery,4,4,3,3
1453,2025-03-29,Surgery,3,4,4,4
1454,2025-03-30,Outpatient,5,4,3,3
1455,2025-03-31,Outpatient,4,4,5,3
1456,2025-04-01,Surgery,5,5,4,4
1457,2025-04-02,Inpatient,4,3,5,4
1458,2025-04-03,ED,4,3,2,4
1459,2025-04-04,ED,4,3,3,3
1460,2025-04-05,ED,4,5,2,4
1461,2025-04-06,Outpatient,3,4,4,3
1462,2025-04-07,ED,5,5,4,4
1463,2025-04-08,Inpatient,3,5,4,4
1464,2025-04-09,Outpatient,5,5,3,4
1465,2025-04-10,Inpatient,4,4,4,4
1466,2025-04-11,Surgery,5,4,5,5
1467,2025-04-12,Inpatient,3,5,3,2
1468,2025-04-13,Inpatient,5,5,4,3
1469,2025-04-14,Inpatient,5,3,4,4
1470,2025-04-15,Surgery,5,3,1,4
1471,2025-04-16,Inpatient,4,4,3,4
1472,2025-04-17,Inpatient,3,4,5,3
1473,2025-04-18,Inpatient,2,4,4,4
1474,2025-04-19,Surgery,5,5,5,5
1475,2025-04-20,ED,3,5,3,3
1476,2025-04-21,Outpatient,4,4,3,3
1477,2025-04-22,Outpatient,5,4,5,5
1478,2025-04-23,ED,5,3,3,3
1479,2025-04-24,Inpatient,3,3,4,4
1480,2025-04-25,Inpatient,4,3,3,4
1481,2025-04-26,Outpatient,5,2,3,4
1482,2025-04-27,Inpatient,2,4,5,2
1483,2025-04-28,Outpatient,3,5,5,3
1484,2025-04-29,Inpatient,3,5,3,3
1485,2025-04-30,Outpatient,5,5,2,4
1486,2025-05-01,Inpatient,3,5,5,4
1487,2025-05-02,ED,4,5,4,3
1488,2025-05-03,Inpatient,3,4,3,3
1489,2025-05-04,Inpatient,3,2,3,4
1490,2025-05-05,Inpatient,3,4,4,2
1491,2025-05-06,Surgery,5,4,4,5
1492,2025-05-07,Inpatient,2,5,3,3
1493,2025-05-08,ED,4,3,3,4
1494,2025-05-09,Inpatient,3,5,4,4
1495,2025-05-10,Surgery,5,5,5,5
1496,2025-05-11,Surgery,5,4,4,4
1497,2025-05-12,Outpatient,3,4,3,5
1498,2025-05-13,Surgery,4,5,5,4
1499,2025-05-14,ED,3,5,2,3
